frame_id,timestamp,ego_speed_mps,ego_yaw,road_type,weather,lead_distance_m,cut_in_flag,pedestrian_flag,brake_flag
frame_000000,0.0,10.86,0.0,suburban,clear,21.0,0,0,0
frame_000001,0.1,11.18,0.0,suburban,clear,21.2,0,0,0
frame_000002,0.2,10.73,0.0,suburban,clear,18.1,0,0,0
frame_000003,0.3,11.46,0.0,suburban,clear,19.3,0,0,0
frame_000004,0.4,11.32,0.0,suburban,clear,19.7,0,0,0
frame_000005,0.5,10.95,0.0,suburban,clear,21.3,0,0,0
frame_000006,0.6,10.83,0.0,suburban,clear,19.5,0,0,0
frame_000007,0.7,11.13,0.0,suburban,clear,19.1,0,0,0
frame_000008,0.8,11.08,0.0,suburban,clear,19.5,0,0,0
frame_000009,0.9,10.64,0.0,suburban,clear,21.8,0,0,0
frame_000010,1.0,10.96,0.0,suburban,clear,19.6,0,0,0
frame_000011,1.1,11.21,0.0,suburban,clear,20.9,0,0,0
frame_000012,1.2,10.75,0.0,suburban,clear,19.2,0,0,0
frame_000013,1.3,11.59,0.0,suburban,clear,18.9,0,0,0
frame_000014,1.4,10.94,0.0,suburban,clear,20.4,0,0,0
frame_000015,1.5,11.05,0.0,suburban,clear,20.7,0,0,0
frame_000016,1.6,11.37,0.0,suburban,clear,21.5,0,0,0
frame_000017,1.7,10.83,0.0,suburban,clear,21.8,0,0,0
frame_000018,1.8,11.16,0.0,suburban,clear,20.1,0,0,0
frame_000019,1.9,11.03,0.0,suburban,clear,19.7,0,0,0
frame_000020,2.0,11.19,0.0,suburban,clear,18.5,0,0,0
frame_000021,2.1,11.34,0.0,suburban,clear,20.2,0,0,0
frame_000022,2.2,11.04,0.0,suburban,clear,21.5,0,0,0
frame_000023,2.3,11.28,0.0,suburban,clear,18.4,0,0,0
frame_000024,2.4,11.34,0.0,suburban,clear,21.3,0,0,0
frame_000025,2.5,11.33,0.0,suburban,clear,18.3,0,0,0
frame_000026,2.6,10.60,0.0,suburban,clear,21.5,0,0,0
frame_000027,2.7,11.58,0.0,suburban,clear,21.1,0,0,0
frame_000028,2.8,11.38,0.0,suburban,clear,21.4,0,0,0
frame_000029,2.9,11.23,0.0,suburban,clear,19.2,0,0,0
frame_000030,3.0,11.15,0.0,suburban,clear,20.4,0,0,0
frame_000031,3.1,10.76,0.0,suburban,clear,21.4,0,0,0
frame_000032,3.2,11.48,0.0,suburban,clear,20.0,0,0,0
frame_000033,3.3,10.79,0.0,suburban,clear,20.9,0,0,0
frame_000034,3.4,10.68,0.0,suburban,clear,19.0,0,0,0
frame_000035,3.5,10.85,0.0,suburban,clear,20.6,0,0,0
frame_000036,3.6,10.77,0.0,suburban,clear,21.3,0,0,0
frame_000037,3.7,11.54,0.0,suburban,clear,19.0,0,0,0
frame_000038,3.8,10.66,0.0,suburban,clear,20.8,0,0,0
frame_000039,3.9,10.61,0.0,suburban,clear,21.7,0,0,0
frame_000040,4.0,11.24,0.0,suburban,clear,22.0,0,0,0
frame_000041,4.1,11.09,0.0,suburban,clear,21.7,0,0,0
frame_000042,4.2,11.44,0.0,suburban,clear,19.6,0,0,0
frame_000043,4.3,11.44,0.0,suburban,clear,18.2,0,0,0
frame_000044,4.4,11.28,0.0,suburban,clear,19.4,0,0,0
frame_000045,4.5,11.56,0.0,suburban,clear,20.1,0,0,0
frame_000046,4.6,10.87,0.0,suburban,clear,21.0,0,0,0
frame_000047,4.7,11.02,0.0,suburban,clear,19.5,0,0,0
frame_000048,4.8,11.06,0.0,suburban,clear,21.9,0,0,0
frame_000049,4.9,11.53,0.0,suburban,clear,20.6,0,0,0
frame_000050,5.0,10.94,0.0,suburban,clear,19.4,0,0,0
frame_000051,5.1,10.96,0.0,suburban,clear,18.4,0,0,0
frame_000052,5.2,10.86,0.0,suburban,clear,18.8,0,0,0
frame_000053,5.3,10.63,0.0,suburban,clear,19.8,0,0,0
frame_000054,5.4,11.54,0.0,suburban,clear,18.0,0,0,0
frame_000055,5.5,11.14,0.0,suburban,clear,20.6,0,0,0
frame_000056,5.6,10.73,0.0,suburban,clear,20.1,0,0,0
frame_000057,5.7,11.16,0.0,suburban,clear,21.0,0,0,0
frame_000058,5.8,11.37,0.0,suburban,clear,20.8,0,0,0
frame_000059,5.9,11.47,0.0,suburban,clear,20.2,0,0,0
frame_000060,6.0,11.40,0.0,suburban,clear,19.0,0,0,0
frame_000061,6.1,11.35,0.0,suburban,clear,19.1,0,0,0
frame_000062,6.2,11.24,0.0,suburban,clear,19.5,0,0,0
frame_000063,6.3,11.41,0.0,suburban,clear,21.0,0,0,0
frame_000064,6.4,10.73,0.0,suburban,clear,20.6,0,0,0
frame_000065,6.5,11.13,0.0,suburban,clear,19.4,0,0,0
frame_000066,6.6,11.46,0.0,suburban,clear,21.8,0,0,0
frame_000067,6.7,11.08,0.0,suburban,clear,21.4,0,0,0
frame_000068,6.8,11.26,0.0,suburban,clear,18.2,0,0,0
frame_000069,6.9,11.14,0.0,suburban,clear,18.6,0,0,0
frame_000070,7.0,11.18,0.0,suburban,clear,20.6,0,0,0
frame_000071,7.1,11.34,0.0,suburban,clear,20.2,0,0,0
frame_000072,7.2,11.26,0.0,suburban,clear,18.6,0,0,0
frame_000073,7.3,10.76,0.0,suburban,clear,19.1,0,0,0
frame_000074,7.4,11.41,0.0,suburban,clear,20.4,0,0,0
frame_000075,7.5,10.75,0.0,suburban,clear,19.6,0,0,0
frame_000076,7.6,10.77,0.0,suburban,clear,21.1,0,0,0
frame_000077,7.7,11.59,0.0,suburban,clear,19.8,0,0,0
frame_000078,7.8,11.33,0.0,suburban,clear,19.2,0,0,0
frame_000079,7.9,11.57,0.0,suburban,clear,21.2,0,0,0
frame_000080,8.0,11.14,0.0,suburban,clear,21.3,0,0,0
frame_000081,8.1,11.06,0.0,suburban,clear,19.1,0,0,0
frame_000082,8.2,11.57,0.0,suburban,clear,18.1,0,0,0
frame_000083,8.3,11.30,0.0,suburban,clear,18.9,0,0,0
frame_000084,8.4,11.07,0.0,suburban,clear,18.1,0,0,0
frame_000085,8.5,10.87,0.0,suburban,clear,19.8,0,0,0
frame_000086,8.6,11.02,0.0,suburban,clear,19.4,0,0,0
frame_000087,8.7,11.54,0.0,suburban,clear,19.5,0,0,0
frame_000088,8.8,11.25,0.0,suburban,clear,19.1,0,0,0
frame_000089,8.9,11.41,0.0,suburban,clear,19.8,0,0,0
frame_000090,9.0,10.98,0.0,suburban,clear,20.9,0,0,0
frame_000091,9.1,11.23,0.0,suburban,clear,18.9,0,0,0
frame_000092,9.2,11.38,0.0,suburban,clear,21.9,0,0,0
frame_000093,9.3,10.98,0.0,suburban,clear,21.3,0,0,0
frame_000094,9.4,10.66,0.0,suburban,clear,18.3,0,0,0
frame_000095,9.5,11.05,0.0,suburban,clear,19.1,0,0,0
frame_000096,9.6,11.26,0.0,suburban,clear,19.6,0,0,0
frame_000097,9.7,11.59,0.0,suburban,clear,21.4,0,0,0
frame_000098,9.8,11.58,0.0,suburban,clear,21.5,0,0,0
frame_000099,9.9,10.61,0.0,suburban,clear,20.9,0,0,0
frame_000100,10.0,11.52,0.0,suburban,clear,21.3,0,0,0
frame_000101,10.1,11.53,0.0,suburban,clear,21.0,0,0,0
frame_000102,10.2,10.92,0.0,suburban,clear,18.4,0,0,0
frame_000103,10.3,11.20,0.0,suburban,clear,18.7,0,0,0
frame_000104,10.4,10.79,0.0,suburban,clear,18.7,0,0,0
frame_000105,10.5,11.17,0.0,suburban,clear,21.3,0,0,0
frame_000106,10.6,10.94,0.0,suburban,clear,20.9,0,0,0
frame_000107,10.7,11.54,0.0,suburban,clear,21.2,0,0,0
frame_000108,10.8,11.36,0.0,suburban,clear,18.7,0,0,0
frame_000109,10.9,10.86,0.0,suburban,clear,18.2,0,0,0
frame_000110,11.0,10.97,0.0,suburban,clear,21.9,0,0,0
frame_000111,11.1,10.98,0.0,suburban,clear,20.2,0,0,0
frame_000112,11.2,11.52,0.0,suburban,clear,18.0,0,0,0
frame_000113,11.3,11.10,0.0,suburban,clear,21.5,0,0,0
frame_000114,11.4,11.22,0.0,suburban,clear,18.1,0,0,0
frame_000115,11.5,11.48,0.0,suburban,clear,18.8,0,0,0
frame_000116,11.6,11.58,0.0,suburban,clear,21.2,0,0,0
frame_000117,11.7,11.09,0.0,suburban,clear,18.3,0,0,0
frame_000118,11.8,11.28,0.0,suburban,clear,19.4,0,0,0
frame_000119,11.9,11.25,0.0,suburban,clear,20.8,0,0,0
frame_000120,12.0,11.09,0.0,suburban,clear,18.5,0,0,0
frame_000121,12.1,10.69,0.0,suburban,clear,18.7,0,0,0
frame_000122,12.2,11.40,0.0,suburban,clear,19.5,0,0,0
frame_000123,12.3,10.61,0.0,suburban,clear,21.0,0,0,0
frame_000124,12.4,10.78,0.0,suburban,clear,21.7,0,0,0
frame_000125,12.5,11.52,0.0,suburban,clear,18.2,0,0,0
frame_000126,12.6,10.70,0.0,suburban,clear,22.0,0,0,0
frame_000127,12.7,10.82,0.0,suburban,clear,21.3,0,0,0
frame_000128,12.8,11.40,0.0,suburban,clear,18.6,0,0,0
frame_000129,12.9,10.60,0.0,suburban,clear,19.1,0,0,0
frame_000130,13.0,10.91,0.0,suburban,clear,20.7,0,0,0
frame_000131,13.1,11.07,0.0,suburban,clear,21.8,0,0,0
frame_000132,13.2,11.26,0.0,suburban,clear,19.2,0,0,0
frame_000133,13.3,11.55,0.0,suburban,clear,19.5,0,0,0
frame_000134,13.4,10.66,0.0,suburban,clear,18.7,0,0,0
frame_000135,13.5,10.62,0.0,suburban,clear,19.2,0,0,0
frame_000136,13.6,11.36,0.0,suburban,clear,21.5,0,0,0
frame_000137,13.7,11.33,0.0,suburban,clear,18.8,0,0,0
frame_000138,13.8,11.09,0.0,suburban,clear,19.5,0,0,0
frame_000139,13.9,10.60,0.0,suburban,clear,20.6,0,0,0
frame_000140,14.0,11.17,0.0,suburban,clear,18.7,0,0,0
frame_000141,14.1,11.45,0.0,suburban,clear,21.0,0,0,0
frame_000142,14.2,11.52,0.0,suburban,clear,18.5,0,0,0
frame_000143,14.3,11.57,0.0,suburban,clear,19.2,0,0,0
frame_000144,14.4,11.06,0.0,suburban,clear,21.3,0,0,0
frame_000145,14.5,10.72,0.0,suburban,clear,21.3,0,0,0
frame_000146,14.6,11.40,0.0,suburban,clear,22.0,0,0,0
frame_000147,14.7,10.77,0.0,suburban,clear,20.8,0,0,0
frame_000148,14.8,11.26,0.0,suburban,clear,18.8,0,0,0
frame_000149,14.9,10.81,0.0,suburban,clear,21.0,0,0,0
frame_000150,15.0,10.64,0.0,suburban,clear,21.2,0,0,0
frame_000151,15.1,10.80,0.0,suburban,clear,19.3,0,0,0
frame_000152,15.2,11.29,0.0,suburban,clear,19.0,0,0,0
frame_000153,15.3,10.97,0.0,suburban,clear,19.2,0,0,0
frame_000154,15.4,11.37,0.0,suburban,clear,21.9,0,0,0
frame_000155,15.5,11.50,0.0,suburban,clear,19.1,0,0,0
frame_000156,15.6,11.23,0.0,suburban,clear,20.3,0,0,0
frame_000157,15.7,10.99,0.0,suburban,clear,18.4,0,0,0
frame_000158,15.8,11.17,0.0,suburban,clear,20.6,0,0,0
frame_000159,15.9,11.49,0.0,suburban,clear,19.7,0,0,0
frame_000160,16.0,10.66,0.0,suburban,clear,20.1,0,0,0
frame_000161,16.1,10.83,0.0,suburban,clear,21.1,0,0,0
frame_000162,16.2,11.37,0.0,suburban,clear,20.8,0,0,0
frame_000163,16.3,10.73,0.0,suburban,clear,19.7,0,0,0
frame_000164,16.4,11.44,0.0,suburban,clear,20.0,0,0,0
frame_000165,16.5,10.71,0.0,suburban,clear,18.8,0,0,0
frame_000166,16.6,11.44,0.0,suburban,clear,20.2,0,0,0
frame_000167,16.7,11.55,0.0,suburban,clear,21.3,0,0,0
frame_000168,16.8,11.40,0.0,suburban,clear,20.1,0,0,0
frame_000169,16.9,11.46,0.0,suburban,clear,19.6,0,0,0
frame_000170,17.0,11.09,0.0,suburban,clear,19.4,0,0,0
frame_000171,17.1,11.57,0.0,suburban,clear,18.1,0,0,0
frame_000172,17.2,11.30,0.0,suburban,clear,18.0,0,0,0
frame_000173,17.3,11.04,0.0,suburban,clear,21.2,0,0,0
frame_000174,17.4,10.90,0.0,suburban,clear,20.4,0,0,0
frame_000175,17.5,11.17,0.0,suburban,clear,21.6,0,0,0
frame_000176,17.6,10.72,0.0,suburban,clear,21.8,0,0,0
frame_000177,17.7,11.21,0.0,suburban,clear,18.1,0,0,0
frame_000178,17.8,10.80,0.0,suburban,clear,20.4,0,0,0
frame_000179,17.9,11.27,0.0,suburban,clear,19.0,0,0,0
frame_000180,18.0,11.10,0.0,suburban,clear,20.7,0,0,0
frame_000181,18.1,11.32,0.0,suburban,clear,20.9,0,0,0
frame_000182,18.2,10.88,0.0,suburban,clear,18.6,0,0,0
frame_000183,18.3,10.75,0.0,suburban,clear,19.1,0,0,0
frame_000184,18.4,11.47,0.0,suburban,clear,18.6,0,0,0
frame_000185,18.5,11.09,0.0,suburban,clear,18.5,0,0,0
frame_000186,18.6,11.54,0.0,suburban,clear,18.7,0,0,0
frame_000187,18.7,11.26,0.0,suburban,clear,18.8,0,0,0
frame_000188,18.8,11.09,0.0,suburban,clear,18.0,0,0,0
frame_000189,18.9,10.93,0.0,suburban,clear,21.5,0,0,0
frame_000190,19.0,10.86,0.0,suburban,clear,19.4,0,0,0
frame_000191,19.1,11.08,0.0,suburban,clear,19.5,0,0,0
frame_000192,19.2,10.70,0.0,suburban,clear,18.5,0,0,0
frame_000193,19.3,10.84,0.0,suburban,clear,19.7,0,0,0
frame_000194,19.4,10.63,0.0,suburban,clear,19.1,0,0,0
frame_000195,19.5,10.81,0.0,suburban,clear,19.5,0,0,0
frame_000196,19.6,10.64,0.0,suburban,clear,21.1,0,0,0
frame_000197,19.7,10.63,0.0,suburban,clear,19.6,0,0,0
frame_000198,19.8,11.05,0.0,suburban,clear,18.8,0,0,0
frame_000199,19.9,11.23,0.0,suburban,clear,19.5,0,0,0
