{
  "name": "Night Urban Navigation",
  "description": "Pedestrian detection at night in urban area",
  "total_frames": 145,
  "fps": 10,
  "duration_seconds": 14.5,
  "upload_date": "2025-11-15T14:56:38.434376",
  "events": [
    {
      "frame_number": 40,
      "event_type": "pedestrian",
      "severity": "medium",
      "ego_speed_mps": 7.308121516224485,
      "road_type": "urban",
      "weather": "night",
      "lead_distance_m": 18.489917305088262,
      "cut_in_flag": false
    },
    {
      "frame_number": 60,
      "event_type": "pedestrian",
      "severity": "medium",
      "ego_speed_mps": 7.113987484478772,
      "road_type": "urban",
      "weather": "night",
      "lead_distance_m": 19.23127904489835,
      "cut_in_flag": false
    }
  ]
}