frame_id,timestamp,ego_speed_mps,ego_yaw,road_type,weather,lead_distance_m,cut_in_flag,pedestrian_flag,brake_flag
frame_000000,0.0,7.05,0.0,urban,night,18.1,0,0,0
frame_000001,0.1,6.48,0.0,urban,night,17.8,0,0,0
frame_000002,0.2,6.59,0.0,urban,night,18.6,0,0,0
frame_000003,0.3,7.05,0.0,urban,night,17.4,0,0,0
frame_000004,0.4,6.96,0.0,urban,night,19.1,0,0,0
frame_000005,0.5,6.44,0.0,urban,night,18.4,0,0,0
frame_000006,0.6,6.41,0.0,urban,night,17.7,0,0,0
frame_000007,0.7,7.08,0.0,urban,night,16.7,0,0,0
frame_000008,0.8,7.09,0.0,urban,night,19.3,0,0,0
frame_000009,0.9,6.46,0.0,urban,night,19.4,0,0,0
frame_000010,1.0,7.34,0.0,urban,night,16.3,0,0,0
frame_000011,1.1,6.53,0.0,urban,night,19.3,0,0,0
frame_000012,1.2,6.83,0.0,urban,night,19.3,0,0,0
frame_000013,1.3,6.76,0.0,urban,night,17.9,0,0,0
frame_000014,1.4,6.99,0.0,urban,night,18.8,0,0,0
frame_000015,1.5,7.26,0.0,urban,night,18.7,0,0,0
frame_000016,1.6,6.61,0.0,urban,night,18.2,0,0,0
frame_000017,1.7,6.82,0.0,urban,night,17.1,0,0,0
frame_000018,1.8,6.80,0.0,urban,night,19.8,0,0,0
frame_000019,1.9,6.77,0.0,urban,night,18.6,0,0,0
frame_000020,2.0,7.26,0.0,urban,night,19.5,0,0,0
frame_000021,2.1,6.44,0.0,urban,night,18.8,0,0,0
frame_000022,2.2,6.43,0.0,urban,night,17.7,0,0,0
frame_000023,2.3,7.33,0.0,urban,night,17.7,0,0,0
frame_000024,2.4,6.44,0.0,urban,night,19.7,0,0,0
frame_000025,2.5,6.89,0.0,urban,night,20.0,0,0,0
frame_000026,2.6,7.13,0.0,urban,night,16.5,0,0,0
frame_000027,2.7,7.17,0.0,urban,night,16.4,0,0,0
frame_000028,2.8,7.22,0.0,urban,night,17.6,0,0,0
frame_000029,2.9,7.25,0.0,urban,night,17.7,0,0,0
frame_000030,3.0,7.16,0.0,urban,night,16.2,0,0,0
frame_000031,3.1,6.65,0.0,urban,night,18.9,0,0,0
frame_000032,3.2,6.96,0.0,urban,night,17.5,0,0,0
frame_000033,3.3,6.59,0.0,urban,night,17.2,0,0,0
frame_000034,3.4,6.74,0.0,urban,night,17.4,0,0,0
frame_000035,3.5,6.77,0.0,urban,night,18.6,0,1,0
frame_000036,3.6,6.93,0.0,urban,night,18.5,0,1,0
frame_000037,3.7,6.89,0.0,urban,night,17.8,0,1,0
frame_000038,3.8,7.36,0.0,urban,night,18.5,0,1,0
frame_000039,3.9,6.52,0.0,urban,night,19.9,0,1,0
frame_000040,4.0,6.88,0.0,urban,night,17.2,0,1,0
frame_000041,4.1,7.04,0.0,urban,night,16.9,0,1,0
frame_000042,4.2,6.75,0.0,urban,night,19.3,0,1,0
frame_000043,4.3,6.64,0.0,urban,night,16.9,0,1,0
frame_000044,4.4,6.63,0.0,urban,night,18.8,0,1,0
frame_000045,4.5,6.67,0.0,urban,night,16.7,0,1,0
frame_000046,4.6,7.17,0.0,urban,night,16.7,0,1,0
frame_000047,4.7,7.26,0.0,urban,night,17.9,0,1,0
frame_000048,4.8,6.89,0.0,urban,night,18.4,0,1,0
frame_000049,4.9,6.81,0.0,urban,night,17.6,0,1,0
frame_000050,5.0,6.94,0.0,urban,night,19.2,0,1,0
frame_000051,5.1,7.11,0.0,urban,night,16.9,0,1,0
frame_000052,5.2,6.99,0.0,urban,night,17.4,0,1,0
frame_000053,5.3,7.02,0.0,urban,night,19.3,0,1,0
frame_000054,5.4,7.00,0.0,urban,night,17.2,0,1,0
frame_000055,5.5,6.98,0.0,urban,night,19.1,0,1,0
frame_000056,5.6,6.42,0.0,urban,night,17.1,0,1,0
frame_000057,5.7,7.33,0.0,urban,night,17.4,0,1,0
frame_000058,5.8,6.88,0.0,urban,night,19.7,0,1,0
frame_000059,5.9,6.98,0.0,urban,night,17.5,0,1,0
frame_000060,6.0,6.92,0.0,urban,night,16.2,0,1,0
frame_000061,6.1,7.31,0.0,urban,night,19.8,0,1,0
frame_000062,6.2,6.56,0.0,urban,night,20.0,0,1,0
frame_000063,6.3,7.39,0.0,urban,night,17.1,0,1,0
frame_000064,6.4,7.25,0.0,urban,night,19.7,0,1,0
frame_000065,6.5,6.75,0.0,urban,night,16.7,0,1,0
frame_000066,6.6,6.41,0.0,urban,night,19.5,0,1,0
frame_000067,6.7,6.55,0.0,urban,night,17.5,0,1,0
frame_000068,6.8,6.74,0.0,urban,night,18.2,0,1,0
frame_000069,6.9,6.58,0.0,urban,night,17.6,0,1,0
frame_000070,7.0,7.38,0.0,urban,night,17.2,0,1,0
frame_000071,7.1,6.50,0.0,urban,night,19.8,0,1,0
frame_000072,7.2,7.17,0.0,urban,night,17.5,0,1,0
frame_000073,7.3,6.68,0.0,urban,night,18.2,0,1,0
frame_000074,7.4,7.31,0.0,urban,night,16.5,0,1,0
frame_000075,7.5,7.28,0.0,urban,night,17.6,0,1,0
frame_000076,7.6,6.57,0.0,urban,night,16.1,0,1,0
frame_000077,7.7,7.15,0.0,urban,night,16.6,0,1,0
frame_000078,7.8,7.23,0.0,urban,night,18.4,0,1,0
frame_000079,7.9,7.30,0.0,urban,night,18.5,0,1,0
frame_000080,8.0,7.09,0.0,urban,night,18.1,0,1,0
frame_000081,8.1,6.79,0.0,urban,night,18.4,0,1,0
frame_000082,8.2,6.51,0.0,urban,night,16.9,0,1,0
frame_000083,8.3,7.33,0.0,urban,night,19.0,0,1,0
frame_000084,8.4,6.73,0.0,urban,night,18.6,0,1,0
frame_000085,8.5,6.55,0.0,urban,night,19.0,0,1,0
frame_000086,8.6,7.36,0.0,urban,night,17.4,0,1,0
frame_000087,8.7,7.25,0.0,urban,night,18.4,0,1,0
frame_000088,8.8,6.65,0.0,urban,night,17.5,0,1,0
frame_000089,8.9,7.14,0.0,urban,night,17.8,0,1,0
frame_000090,9.0,6.83,0.0,urban,night,19.7,0,1,0
frame_000091,9.1,7.00,0.0,urban,night,18.7,0,1,0
frame_000092,9.2,6.45,0.0,urban,night,16.1,0,1,0
frame_000093,9.3,6.98,0.0,urban,night,17.8,0,1,0
frame_000094,9.4,6.69,0.0,urban,night,20.0,0,1,0
frame_000095,9.5,7.26,0.0,urban,night,16.9,0,1,0
frame_000096,9.6,6.50,0.0,urban,night,17.7,0,0,0
frame_000097,9.7,7.05,0.0,urban,night,18.4,0,0,0
frame_000098,9.8,7.26,0.0,urban,night,20.0,0,0,0
frame_000099,9.9,6.85,0.0,urban,night,18.0,0,0,0
frame_000100,10.0,7.36,0.0,urban,night,19.9,0,0,0
frame_000101,10.1,7.32,0.0,urban,night,17.4,0,0,0
frame_000102,10.2,6.93,0.0,urban,night,18.1,0,0,0
frame_000103,10.3,7.02,0.0,urban,night,17.8,0,0,0
frame_000104,10.4,6.71,0.0,urban,night,18.6,0,0,0
frame_000105,10.5,6.48,0.0,urban,night,18.9,0,0,0
frame_000106,10.6,6.48,0.0,urban,night,18.0,0,0,0
frame_000107,10.7,6.94,0.0,urban,night,19.9,0,0,0
frame_000108,10.8,7.12,0.0,urban,night,17.5,0,0,0
frame_000109,10.9,6.67,0.0,urban,night,18.6,0,0,0
frame_000110,11.0,6.80,0.0,urban,night,17.3,0,0,0
frame_000111,11.1,6.75,0.0,urban,night,16.4,0,0,0
frame_000112,11.2,7.26,0.0,urban,night,18.0,0,0,0
frame_000113,11.3,6.76,0.0,urban,night,17.6,0,0,0
frame_000114,11.4,7.12,0.0,urban,night,19.7,0,0,0
frame_000115,11.5,7.17,0.0,urban,night,17.7,0,0,0
frame_000116,11.6,6.44,0.0,urban,night,16.6,0,0,0
frame_000117,11.7,6.54,0.0,urban,night,16.4,0,0,0
frame_000118,11.8,6.95,0.0,urban,night,17.9,0,0,0
frame_000119,11.9,6.52,0.0,urban,night,19.5,0,0,0
frame_000120,12.0,7.11,0.0,urban,night,18.7,0,0,0
frame_000121,12.1,7.08,0.0,urban,night,18.6,0,0,0
frame_000122,12.2,6.84,0.0,urban,night,16.5,0,0,0
frame_000123,12.3,7.32,0.0,urban,night,18.4,0,0,0
frame_000124,12.4,6.61,0.0,urban,night,18.7,0,0,0
frame_000125,12.5,6.42,0.0,urban,night,19.2,0,0,0
frame_000126,12.6,6.90,0.0,urban,night,16.5,0,0,0
frame_000127,12.7,6.84,0.0,urban,night,19.1,0,0,0
frame_000128,12.8,7.38,0.0,urban,night,16.5,0,0,0
frame_000129,12.9,7.13,0.0,urban,night,19.7,0,0,0
frame_000130,13.0,6.73,0.0,urban,night,19.5,0,0,0
frame_000131,13.1,6.42,0.0,urban,night,18.6,0,0,0
frame_000132,13.2,6.83,0.0,urban,night,18.6,0,0,0
frame_000133,13.3,6.72,0.0,urban,night,17.1,0,0,0
frame_000134,13.4,7.20,0.0,urban,night,19.3,0,0,0
frame_000135,13.5,6.84,0.0,urban,night,19.8,0,0,0
frame_000136,13.6,6.92,0.0,urban,night,18.6,0,0,0
frame_000137,13.7,6.75,0.0,urban,night,16.0,0,0,0
frame_000138,13.8,7.01,0.0,urban,night,18.1,0,0,0
frame_000139,13.9,6.80,0.0,urban,night,19.1,0,0,0
frame_000140,14.0,6.94,0.0,urban,night,19.1,0,0,0
frame_000141,14.1,6.52,0.0,urban,night,19.2,0,0,0
frame_000142,14.2,7.07,0.0,urban,night,16.7,0,0,0
frame_000143,14.3,6.52,0.0,urban,night,17.3,0,0,0
frame_000144,14.4,6.59,0.0,urban,night,18.9,0,0,0
