{
  "name": "Urban Pedestrian Crossing",
  "description": "Pedestrian suddenly crosses street in urban area",
  "total_frames": 140,
  "fps": 10,
  "duration_seconds": 14.0,
  "upload_date": "2025-11-15T14:56:33.876043",
  "events": [
    {
      "frame_number": 40,
      "event_type": "pedestrian",
      "severity": "high",
      "ego_speed_mps": 7.537074273055286,
      "road_type": "urban",
      "weather": "clear",
      "lead_distance_m": 14.0918887211536,
      "cut_in_flag": false
    },
    {
      "frame_number": 60,
      "event_type": "pedestrian",
      "severity": "high",
      "ego_speed_mps": 7.8783936645206,
      "road_type": "urban",
      "weather": "clear",
      "lead_distance_m": 13.685394863495329,
      "cut_in_flag": false
    }
  ]
}