frame_id,timestamp,ego_speed_mps,ego_yaw,road_type,weather,lead_distance_m,cut_in_flag,pedestrian_flag,brake_flag
frame_000000,0.0,8.18,0.0,urban,clear,15.8,0,0,0
frame_000001,0.1,8.01,0.0,urban,clear,16.1,0,0,0
frame_000002,0.2,8.31,0.0,urban,clear,13.5,0,0,0
frame_000003,0.3,8.74,0.0,urban,clear,16.5,0,0,0
frame_000004,0.4,8.36,0.0,urban,clear,13.2,0,0,0
frame_000005,0.5,7.85,0.0,urban,clear,14.2,0,0,0
frame_000006,0.6,7.88,0.0,urban,clear,14.9,0,0,0
frame_000007,0.7,8.51,0.0,urban,clear,13.5,0,0,0
frame_000008,0.8,8.12,0.0,urban,clear,16.3,0,0,0
frame_000009,0.9,8.50,0.0,urban,clear,13.4,0,0,0
frame_000010,1.0,8.71,0.0,urban,clear,13.9,0,0,0
frame_000011,1.1,8.49,0.0,urban,clear,14.5,0,0,0
frame_000012,1.2,8.72,0.0,urban,clear,13.8,0,0,0
frame_000013,1.3,8.69,0.0,urban,clear,16.6,0,0,0
frame_000014,1.4,8.18,0.0,urban,clear,15.7,0,0,0
frame_000015,1.5,8.71,0.0,urban,clear,16.2,0,0,0
frame_000016,1.6,8.14,0.0,urban,clear,13.9,0,0,0
frame_000017,1.7,7.88,0.0,urban,clear,13.0,0,0,0
frame_000018,1.8,8.76,0.0,urban,clear,13.8,0,0,0
frame_000019,1.9,7.93,0.0,urban,clear,13.9,0,0,0
frame_000020,2.0,8.40,0.0,urban,clear,13.6,0,0,0
frame_000021,2.1,8.32,0.0,urban,clear,13.1,0,0,0
frame_000022,2.2,8.17,0.0,urban,clear,14.0,0,0,0
frame_000023,2.3,8.75,0.0,urban,clear,14.0,0,0,0
frame_000024,2.4,7.99,0.0,urban,clear,15.4,0,0,0
frame_000025,2.5,8.31,0.0,urban,clear,14.2,0,0,0
frame_000026,2.6,8.05,0.0,urban,clear,13.4,0,0,0
frame_000027,2.7,8.75,0.0,urban,clear,14.3,0,0,0
frame_000028,2.8,7.86,0.0,urban,clear,13.5,0,0,0
frame_000029,2.9,8.35,0.0,urban,clear,16.6,0,0,0
frame_000030,3.0,7.86,0.0,urban,clear,15.0,0,1,0
frame_000031,3.1,8.62,0.0,urban,clear,15.1,0,1,0
frame_000032,3.2,8.66,0.0,urban,clear,16.5,0,1,0
frame_000033,3.3,8.05,0.0,urban,clear,15.4,0,1,0
frame_000034,3.4,8.43,0.0,urban,clear,16.9,0,1,0
frame_000035,3.5,8.61,0.0,urban,clear,13.6,0,1,0
frame_000036,3.6,8.46,0.0,urban,clear,15.9,0,1,0
frame_000037,3.7,8.14,0.0,urban,clear,16.2,0,1,0
frame_000038,3.8,8.16,0.0,urban,clear,14.4,0,1,0
frame_000039,3.9,7.82,0.0,urban,clear,15.9,0,1,0
frame_000040,4.0,7.93,0.0,urban,clear,15.9,0,1,0
frame_000041,4.1,8.25,0.0,urban,clear,16.5,0,1,0
frame_000042,4.2,8.77,0.0,urban,clear,16.2,0,1,0
frame_000043,4.3,8.07,0.0,urban,clear,16.1,0,1,0
frame_000044,4.4,8.78,0.0,urban,clear,14.6,0,1,0
frame_000045,4.5,8.75,0.0,urban,clear,16.2,0,1,0
frame_000046,4.6,8.60,0.0,urban,clear,13.8,0,1,0
frame_000047,4.7,8.66,0.0,urban,clear,14.8,0,1,0
frame_000048,4.8,8.65,0.0,urban,clear,13.3,0,1,0
frame_000049,4.9,8.52,0.0,urban,clear,13.7,0,1,0
frame_000050,5.0,7.90,0.0,urban,clear,16.5,0,1,0
frame_000051,5.1,8.48,0.0,urban,clear,16.5,0,1,0
frame_000052,5.2,7.95,0.0,urban,clear,14.2,0,1,0
frame_000053,5.3,8.56,0.0,urban,clear,16.0,0,1,0
frame_000054,5.4,8.37,0.0,urban,clear,15.1,0,1,0
frame_000055,5.5,8.48,0.0,urban,clear,14.5,0,1,0
frame_000056,5.6,8.51,0.0,urban,clear,13.1,0,1,0
frame_000057,5.7,8.52,0.0,urban,clear,13.8,0,1,0
frame_000058,5.8,8.09,0.0,urban,clear,16.1,0,1,0
frame_000059,5.9,8.14,0.0,urban,clear,14.4,0,1,0
frame_000060,6.0,8.62,0.0,urban,clear,14.1,0,1,0
frame_000061,6.1,8.35,0.0,urban,clear,16.6,0,1,0
frame_000062,6.2,7.88,0.0,urban,clear,16.3,0,1,0
frame_000063,6.3,8.15,0.0,urban,clear,16.5,0,1,0
frame_000064,6.4,8.37,0.0,urban,clear,15.2,0,1,0
frame_000065,6.5,8.39,0.0,urban,clear,15.9,0,1,0
frame_000066,6.6,8.78,0.0,urban,clear,13.6,0,1,0
frame_000067,6.7,8.70,0.0,urban,clear,13.1,0,1,0
frame_000068,6.8,7.86,0.0,urban,clear,15.0,0,1,0
frame_000069,6.9,7.98,0.0,urban,clear,14.1,0,1,0
frame_000070,7.0,7.81,0.0,urban,clear,13.0,0,1,0
frame_000071,7.1,8.60,0.0,urban,clear,16.8,0,1,0
frame_000072,7.2,8.60,0.0,urban,clear,15.5,0,1,0
frame_000073,7.3,8.21,0.0,urban,clear,16.1,0,1,0
frame_000074,7.4,8.02,0.0,urban,clear,15.6,0,1,0
frame_000075,7.5,8.20,0.0,urban,clear,13.5,0,1,0
frame_000076,7.6,7.91,0.0,urban,clear,14.0,0,1,0
frame_000077,7.7,8.26,0.0,urban,clear,16.2,0,1,0
frame_000078,7.8,8.77,0.0,urban,clear,13.3,0,1,0
frame_000079,7.9,8.27,0.0,urban,clear,13.2,0,1,0
frame_000080,8.0,7.89,0.0,urban,clear,14.8,0,1,0
frame_000081,8.1,8.25,0.0,urban,clear,15.0,0,1,0
frame_000082,8.2,8.24,0.0,urban,clear,16.4,0,1,0
frame_000083,8.3,8.20,0.0,urban,clear,13.3,0,1,0
frame_000084,8.4,8.24,0.0,urban,clear,16.0,0,1,0
frame_000085,8.5,8.75,0.0,urban,clear,14.0,0,1,0
frame_000086,8.6,8.42,0.0,urban,clear,14.1,0,1,0
frame_000087,8.7,8.13,0.0,urban,clear,14.5,0,1,0
frame_000088,8.8,8.17,0.0,urban,clear,16.6,0,1,0
frame_000089,8.9,8.26,0.0,urban,clear,16.2,0,1,0
frame_000090,9.0,7.86,0.0,urban,clear,13.8,0,1,0
frame_000091,9.1,7.93,0.0,urban,clear,14.6,0,0,0
frame_000092,9.2,7.94,0.0,urban,clear,14.4,0,0,0
frame_000093,9.3,8.52,0.0,urban,clear,14.0,0,0,0
frame_000094,9.4,8.50,0.0,urban,clear,16.5,0,0,0
frame_000095,9.5,8.28,0.0,urban,clear,15.7,0,0,0
frame_000096,9.6,7.89,0.0,urban,clear,14.0,0,0,0
frame_000097,9.7,7.84,0.0,urban,clear,14.5,0,0,0
frame_000098,9.8,8.03,0.0,urban,clear,13.6,0,0,0
frame_000099,9.9,7.80,0.0,urban,clear,16.8,0,0,0
frame_000100,10.0,8.16,0.0,urban,clear,14.9,0,0,0
frame_000101,10.1,7.93,0.0,urban,clear,15.4,0,0,0
frame_000102,10.2,7.91,0.0,urban,clear,14.4,0,0,0
frame_000103,10.3,8.42,0.0,urban,clear,13.7,0,0,0
frame_000104,10.4,8.33,0.0,urban,clear,14.8,0,0,0
frame_000105,10.5,8.37,0.0,urban,clear,13.1,0,0,0
frame_000106,10.6,8.24,0.0,urban,clear,14.8,0,0,0
frame_000107,10.7,8.49,0.0,urban,clear,13.1,0,0,0
frame_000108,10.8,8.60,0.0,urban,clear,14.2,0,0,0
frame_000109,10.9,8.03,0.0,urban,clear,13.8,0,0,0
frame_000110,11.0,8.49,0.0,urban,clear,13.3,0,0,0
frame_000111,11.1,8.11,0.0,urban,clear,16.0,0,0,0
frame_000112,11.2,8.52,0.0,urban,clear,16.6,0,0,0
frame_000113,11.3,8.04,0.0,urban,clear,13.5,0,0,0
frame_000114,11.4,8.41,0.0,urban,clear,14.2,0,0,0
frame_000115,11.5,8.37,0.0,urban,clear,17.0,0,0,0
frame_000116,11.6,8.11,0.0,urban,clear,16.4,0,0,0
frame_000117,11.7,7.90,0.0,urban,clear,14.1,0,0,0
frame_000118,11.8,8.73,0.0,urban,clear,14.0,0,0,0
frame_000119,11.9,8.50,0.0,urban,clear,13.5,0,0,0
frame_000120,12.0,8.21,0.0,urban,clear,13.1,0,0,0
frame_000121,12.1,8.58,0.0,urban,clear,14.8,0,0,0
frame_000122,12.2,8.49,0.0,urban,clear,14.7,0,0,0
frame_000123,12.3,8.69,0.0,urban,clear,14.5,0,0,0
frame_000124,12.4,7.89,0.0,urban,clear,13.3,0,0,0
frame_000125,12.5,7.96,0.0,urban,clear,13.1,0,0,0
frame_000126,12.6,8.25,0.0,urban,clear,14.7,0,0,0
frame_000127,12.7,8.69,0.0,urban,clear,13.4,0,0,0
frame_000128,12.8,8.59,0.0,urban,clear,14.9,0,0,0
frame_000129,12.9,8.14,0.0,urban,clear,14.7,0,0,0
frame_000130,13.0,8.22,0.0,urban,clear,16.7,0,0,0
frame_000131,13.1,7.83,0.0,urban,clear,16.1,0,0,0
frame_000132,13.2,8.07,0.0,urban,clear,15.3,0,0,0
frame_000133,13.3,7.91,0.0,urban,clear,15.6,0,0,0
frame_000134,13.4,8.68,0.0,urban,clear,14.8,0,0,0
frame_000135,13.5,7.90,0.0,urban,clear,15.7,0,0,0
frame_000136,13.6,8.50,0.0,urban,clear,14.7,0,0,0
frame_000137,13.7,8.04,0.0,urban,clear,14.8,0,0,0
frame_000138,13.8,8.51,0.0,urban,clear,16.0,0,0,0
frame_000139,13.9,8.40,0.0,urban,clear,15.7,0,0,0
