{
  "name": "Highway Lane Change",
  "description": "Vehicle cuts into lane on highway",
  "total_frames": 150,
  "fps": 10,
  "duration_seconds": 15.0,
  "upload_date": "2025-11-15T14:56:35.000609",
  "events": [
    {
      "frame_number": 40,
      "event_type": "cut_in",
      "severity": "medium",
      "ego_speed_mps": 28.169971875359582,
      "road_type": "highway",
      "weather": "clear",
      "lead_distance_m": 26.3512190623687,
      "cut_in_flag": true
    },
    {
      "frame_number": 60,
      "event_type": "cut_in",
      "severity": "medium",
      "ego_speed_mps": 28.59327688405401,
      "road_type": "highway",
      "weather": "clear",
      "lead_distance_m": 26.844303061923345,
      "cut_in_flag": true
    },
    {
      "frame_number": 80,
      "event_type": "cut_in",
      "severity": "medium",
      "ego_speed_mps": 27.503826418374274,
      "road_type": "highway",
      "weather": "clear",
      "lead_distance_m": 23.86458996114323,
      "cut_in_flag": true
    }
  ]
}