frame_id,timestamp,ego_speed_mps,ego_yaw,road_type,weather,lead_distance_m,cut_in_flag,pedestrian_flag,brake_flag
frame_000000,0.0,27.40,0.0,highway,clear,26.3,0,0,0
frame_000001,0.1,27.33,0.0,highway,clear,24.6,0,0,0
frame_000002,0.2,27.89,0.0,highway,clear,24.2,0,0,0
frame_000003,0.3,27.91,0.0,highway,clear,26.2,0,0,0
frame_000004,0.4,27.86,0.0,highway,clear,24.2,0,0,0
frame_000005,0.5,27.89,0.0,highway,clear,24.4,0,0,0
frame_000006,0.6,27.76,0.0,highway,clear,23.9,0,0,0
frame_000007,0.7,27.77,0.0,highway,clear,25.7,0,0,0
frame_000008,0.8,28.06,0.0,highway,clear,25.6,0,0,0
frame_000009,0.9,27.83,0.0,highway,clear,24.5,0,0,0
frame_000010,1.0,27.54,0.0,highway,clear,26.3,0,0,0
frame_000011,1.1,27.46,0.0,highway,clear,24.4,0,0,0
frame_000012,1.2,27.34,0.0,highway,clear,23.1,0,0,0
frame_000013,1.3,27.98,0.0,highway,clear,24.7,0,0,0
frame_000014,1.4,27.85,0.0,highway,clear,24.8,0,0,0
frame_000015,1.5,28.09,0.0,highway,clear,26.7,0,0,0
frame_000016,1.6,27.34,0.0,highway,clear,25.0,0,0,0
frame_000017,1.7,27.65,0.0,highway,clear,26.2,0,0,0
frame_000018,1.8,27.51,0.0,highway,clear,25.7,0,0,0
frame_000019,1.9,27.54,0.0,highway,clear,26.7,0,0,0
frame_000020,2.0,27.43,0.0,highway,clear,26.9,0,0,0
frame_000021,2.1,27.86,0.0,highway,clear,26.9,0,0,0
frame_000022,2.2,27.83,0.0,highway,clear,25.3,0,0,0
frame_000023,2.3,27.58,0.0,highway,clear,26.8,0,0,0
frame_000024,2.4,27.76,0.0,highway,clear,25.2,0,0,0
frame_000025,2.5,27.74,0.0,highway,clear,26.4,0,0,0
frame_000026,2.6,28.28,0.0,highway,clear,24.2,0,0,0
frame_000027,2.7,28.12,0.0,highway,clear,24.8,0,0,0
frame_000028,2.8,27.79,0.0,highway,clear,26.6,0,0,0
frame_000029,2.9,27.44,0.0,highway,clear,23.7,0,0,0
frame_000030,3.0,28.26,0.0,highway,clear,26.9,0,0,0
frame_000031,3.1,28.07,0.0,highway,clear,26.4,0,0,0
frame_000032,3.2,28.16,0.0,highway,clear,24.5,0,0,0
frame_000033,3.3,27.43,0.0,highway,clear,25.4,0,0,0
frame_000034,3.4,28.08,0.0,highway,clear,23.4,0,0,0
frame_000035,3.5,27.34,0.0,highway,clear,23.6,0,0,0
frame_000036,3.6,28.07,0.0,highway,clear,24.9,0,0,0
frame_000037,3.7,27.72,0.0,highway,clear,24.4,0,0,0
frame_000038,3.8,27.52,0.0,highway,clear,25.8,0,0,0
frame_000039,3.9,28.02,0.0,highway,clear,23.7,0,0,0
frame_000040,4.0,27.48,0.0,highway,clear,25.4,1,0,0
frame_000041,4.1,27.84,0.0,highway,clear,23.5,1,0,0
frame_000042,4.2,27.32,0.0,highway,clear,25.4,1,0,0
frame_000043,4.3,28.02,0.0,highway,clear,26.8,1,0,0
frame_000044,4.4,28.25,0.0,highway,clear,26.7,1,0,0
frame_000045,4.5,27.59,0.0,highway,clear,26.0,1,0,0
frame_000046,4.6,27.46,0.0,highway,clear,23.1,1,0,0
frame_000047,4.7,27.75,0.0,highway,clear,25.0,1,0,0
frame_000048,4.8,27.38,0.0,highway,clear,24.3,1,0,0
frame_000049,4.9,27.75,0.0,highway,clear,25.3,1,0,0
frame_000050,5.0,27.70,0.0,highway,clear,26.1,1,0,0
frame_000051,5.1,27.49,0.0,highway,clear,23.7,1,0,0
frame_000052,5.2,28.25,0.0,highway,clear,25.9,1,0,0
frame_000053,5.3,27.36,0.0,highway,clear,24.3,1,0,0
frame_000054,5.4,27.41,0.0,highway,clear,23.8,1,0,0
frame_000055,5.5,28.15,0.0,highway,clear,26.2,1,0,0
frame_000056,5.6,27.66,0.0,highway,clear,25.8,1,0,0
frame_000057,5.7,27.53,0.0,highway,clear,24.9,1,0,0
frame_000058,5.8,27.49,0.0,highway,clear,26.8,1,0,0
frame_000059,5.9,27.59,0.0,highway,clear,23.5,1,0,0
frame_000060,6.0,28.03,0.0,highway,clear,23.1,1,0,0
frame_000061,6.1,27.85,0.0,highway,clear,23.7,1,0,0
frame_000062,6.2,28.15,0.0,highway,clear,24.9,1,0,0
frame_000063,6.3,27.46,0.0,highway,clear,23.7,1,0,0
frame_000064,6.4,28.06,0.0,highway,clear,26.3,1,0,0
frame_000065,6.5,27.61,0.0,highway,clear,25.8,1,0,0
frame_000066,6.6,28.06,0.0,highway,clear,23.3,1,0,0
frame_000067,6.7,27.30,0.0,highway,clear,23.4,1,0,0
frame_000068,6.8,27.66,0.0,highway,clear,26.8,1,0,0
frame_000069,6.9,27.65,0.0,highway,clear,23.9,1,0,0
frame_000070,7.0,27.32,0.0,highway,clear,26.3,1,0,0
frame_000071,7.1,27.76,0.0,highway,clear,25.9,1,0,0
frame_000072,7.2,27.95,0.0,highway,clear,25.7,1,0,0
frame_000073,7.3,28.07,0.0,highway,clear,24.6,1,0,0
frame_000074,7.4,27.92,0.0,highway,clear,25.8,1,0,0
frame_000075,7.5,27.52,0.0,highway,clear,24.6,1,0,0
frame_000076,7.6,27.95,0.0,highway,clear,25.8,1,0,0
frame_000077,7.7,27.64,0.0,highway,clear,23.5,1,0,0
frame_000078,7.8,27.54,0.0,highway,clear,23.6,1,0,0
frame_000079,7.9,27.68,0.0,highway,clear,23.3,1,0,0
frame_000080,8.0,27.69,0.0,highway,clear,25.8,1,0,0
frame_000081,8.1,27.89,0.0,highway,clear,24.4,1,0,0
frame_000082,8.2,27.52,0.0,highway,clear,25.2,1,0,0
frame_000083,8.3,28.06,0.0,highway,clear,23.7,1,0,0
frame_000084,8.4,27.93,0.0,highway,clear,25.5,1,0,0
frame_000085,8.5,28.13,0.0,highway,clear,23.6,1,0,0
frame_000086,8.6,28.29,0.0,highway,clear,23.0,1,0,0
frame_000087,8.7,27.84,0.0,highway,clear,25.9,1,0,0
frame_000088,8.8,27.94,0.0,highway,clear,24.2,1,0,0
frame_000089,8.9,27.96,0.0,highway,clear,23.4,1,0,0
frame_000090,9.0,28.08,0.0,highway,clear,25.0,1,0,0
frame_000091,9.1,27.45,0.0,highway,clear,26.2,1,0,0
frame_000092,9.2,27.46,0.0,highway,clear,25.6,1,0,0
frame_000093,9.3,27.89,0.0,highway,clear,26.7,1,0,0
frame_000094,9.4,28.08,0.0,highway,clear,25.2,1,0,0
frame_000095,9.5,27.66,0.0,highway,clear,23.4,1,0,0
frame_000096,9.6,28.28,0.0,highway,clear,24.4,1,0,0
frame_000097,9.7,28.03,0.0,highway,clear,23.7,1,0,0
frame_000098,9.8,27.84,0.0,highway,clear,23.3,1,0,0
frame_000099,9.9,27.76,0.0,highway,clear,23.2,1,0,0
frame_000100,10.0,28.27,0.0,highway,clear,25.7,1,0,0
frame_000101,10.1,27.40,0.0,highway,clear,24.0,0,0,0
frame_000102,10.2,27.96,0.0,highway,clear,23.7,0,0,0
frame_000103,10.3,28.05,0.0,highway,clear,23.6,0,0,0
frame_000104,10.4,27.66,0.0,highway,clear,25.4,0,0,0
frame_000105,10.5,27.82,0.0,highway,clear,26.7,0,0,0
frame_000106,10.6,27.78,0.0,highway,clear,26.8,0,0,0
frame_000107,10.7,27.49,0.0,highway,clear,23.2,0,0,0
frame_000108,10.8,27.81,0.0,highway,clear,25.4,0,0,0
frame_000109,10.9,27.48,0.0,highway,clear,23.4,0,0,0
frame_000110,11.0,28.13,0.0,highway,clear,26.0,0,0,0
frame_000111,11.1,27.67,0.0,highway,clear,26.0,0,0,0
frame_000112,11.2,27.68,0.0,highway,clear,26.8,0,0,0
frame_000113,11.3,28.19,0.0,highway,clear,25.3,0,0,0
frame_000114,11.4,28.05,0.0,highway,clear,26.0,0,0,0
frame_000115,11.5,27.80,0.0,highway,clear,24.9,0,0,0
frame_000116,11.6,28.18,0.0,highway,clear,23.9,0,0,0
frame_000117,11.7,27.85,0.0,highway,clear,23.2,0,0,0
frame_000118,11.8,27.40,0.0,highway,clear,26.1,0,0,0
frame_000119,11.9,27.55,0.0,highway,clear,25.8,0,0,0
frame_000120,12.0,27.74,0.0,highway,clear,26.6,0,0,0
frame_000121,12.1,27.88,0.0,highway,clear,27.0,0,0,0
frame_000122,12.2,28.22,0.0,highway,clear,23.7,0,0,0
frame_000123,12.3,27.33,0.0,highway,clear,24.3,0,0,0
frame_000124,12.4,28.00,0.0,highway,clear,26.0,0,0,0
frame_000125,12.5,27.33,0.0,highway,clear,23.5,0,0,0
frame_000126,12.6,27.38,0.0,highway,clear,25.6,0,0,0
frame_000127,12.7,27.89,0.0,highway,clear,24.6,0,0,0
frame_000128,12.8,27.56,0.0,highway,clear,25.3,0,0,0
frame_000129,12.9,28.09,0.0,highway,clear,24.9,0,0,0
frame_000130,13.0,28.07,0.0,highway,clear,23.4,0,0,0
frame_000131,13.1,28.12,0.0,highway,clear,26.0,0,0,0
frame_000132,13.2,27.46,0.0,highway,clear,25.5,0,0,0
frame_000133,13.3,27.86,0.0,highway,clear,25.4,0,0,0
frame_000134,13.4,27.74,0.0,highway,clear,25.1,0,0,0
frame_000135,13.5,27.55,0.0,highway,clear,25.6,0,0,0
frame_000136,13.6,28.24,0.0,highway,clear,23.7,0,0,0
frame_000137,13.7,27.74,0.0,highway,clear,23.1,0,0,0
frame_000138,13.8,28.01,0.0,highway,clear,25.4,0,0,0
frame_000139,13.9,27.71,0.0,highway,clear,25.6,0,0,0
frame_000140,14.0,27.46,0.0,highway,clear,23.5,0,0,0
frame_000141,14.1,28.18,0.0,highway,clear,24.1,0,0,0
frame_000142,14.2,27.99,0.0,highway,clear,24.5,0,0,0
frame_000143,14.3,27.91,0.0,highway,clear,24.6,0,0,0
frame_000144,14.4,27.71,0.0,highway,clear,24.6,0,0,0
frame_000145,14.5,27.36,0.0,highway,clear,26.7,0,0,0
frame_000146,14.6,27.36,0.0,highway,clear,24.3,0,0,0
frame_000147,14.7,27.32,0.0,highway,clear,26.0,0,0,0
frame_000148,14.8,27.32,0.0,highway,clear,23.3,0,0,0
frame_000149,14.9,27.60,0.0,highway,clear,24.8,0,0,0
