{
  "name": "Rainy Emergency Brake",
  "description": "Emergency braking in rainy conditions",
  "total_frames": 120,
  "fps": 10,
  "duration_seconds": 12.0,
  "upload_date": "2025-11-15T14:56:35.713596",
  "events": [
    {
      "frame_number": 20,
      "event_type": "emergency_brake",
      "severity": "high",
      "ego_speed_mps": 15.880555318880585,
      "road_type": "highway",
      "weather": "rain",
      "lead_distance_m": 12.565390456219912,
      "cut_in_flag": false
    },
    {
      "frame_number": 40,
      "event_type": "emergency_brake",
      "severity": "high",
      "ego_speed_mps": 16.06400504368253,
      "road_type": "highway",
      "weather": "rain",
      "lead_distance_m": 11.884814573849113,
      "cut_in_flag": false
    }
  ]
}