frame_id,timestamp,ego_speed_mps,ego_yaw,road_type,weather,lead_distance_m,cut_in_flag,pedestrian_flag,brake_flag
frame_000000,0.0,16.68,0.0,highway,rain,12.5,0,0,0
frame_000001,0.1,16.97,0.0,highway,rain,13.0,0,0,0
frame_000002,0.2,17.12,0.0,highway,rain,12.6,0,0,0
frame_000003,0.3,16.40,0.0,highway,rain,12.4,0,0,0
frame_000004,0.4,16.62,0.0,highway,rain,13.2,0,0,0
frame_000005,0.5,16.68,0.0,highway,rain,12.5,0,0,0
frame_000006,0.6,16.23,0.0,highway,rain,13.6,0,0,0
frame_000007,0.7,16.87,0.0,highway,rain,11.6,0,0,0
frame_000008,0.8,16.22,0.0,highway,rain,12.3,0,0,0
frame_000009,0.9,16.87,0.0,highway,rain,13.7,0,0,0
frame_000010,1.0,17.13,0.0,highway,rain,11.5,0,0,0
frame_000011,1.1,16.91,0.0,highway,rain,11.1,0,0,0
frame_000012,1.2,16.55,0.0,highway,rain,12.8,0,0,0
frame_000013,1.3,16.77,0.0,highway,rain,10.3,0,0,0
frame_000014,1.4,17.12,0.0,highway,rain,10.5,0,0,0
frame_000015,1.5,16.52,0.0,highway,rain,13.5,0,0,0
frame_000016,1.6,16.20,0.0,highway,rain,10.1,0,0,0
frame_000017,1.7,16.96,0.0,highway,rain,11.7,0,0,0
frame_000018,1.8,16.36,0.0,highway,rain,13.6,0,0,0
frame_000019,1.9,16.39,0.0,highway,rain,13.9,0,0,0
frame_000020,2.0,16.46,0.0,highway,rain,12.2,0,0,1
frame_000021,2.1,17.00,0.0,highway,rain,11.9,0,0,1
frame_000022,2.2,16.74,0.0,highway,rain,13.4,0,0,1
frame_000023,2.3,16.37,0.0,highway,rain,12.1,0,0,1
frame_000024,2.4,16.55,0.0,highway,rain,13.5,0,0,1
frame_000025,2.5,16.37,0.0,highway,rain,10.6,0,0,1
frame_000026,2.6,17.17,0.0,highway,rain,10.2,0,0,1
frame_000027,2.7,16.61,0.0,highway,rain,11.6,0,0,1
frame_000028,2.8,16.53,0.0,highway,rain,10.0,0,0,1
frame_000029,2.9,16.29,0.0,highway,rain,11.7,0,0,1
frame_000030,3.0,16.47,0.0,highway,rain,11.5,0,0,1
frame_000031,3.1,16.47,0.0,highway,rain,12.8,0,0,1
frame_000032,3.2,16.61,0.0,highway,rain,13.3,0,0,1
frame_000033,3.3,16.64,0.0,highway,rain,10.1,0,0,1
frame_000034,3.4,16.47,0.0,highway,rain,10.9,0,0,1
frame_000035,3.5,17.05,0.0,highway,rain,11.0,0,0,1
frame_000036,3.6,16.75,0.0,highway,rain,11.8,0,0,1
frame_000037,3.7,16.26,0.0,highway,rain,12.8,0,0,1
frame_000038,3.8,16.45,0.0,highway,rain,13.4,0,0,1
frame_000039,3.9,16.26,0.0,highway,rain,11.0,0,0,1
frame_000040,4.0,17.16,0.0,highway,rain,10.3,0,0,1
frame_000041,4.1,16.20,0.0,highway,rain,11.6,0,0,1
frame_000042,4.2,16.57,0.0,highway,rain,12.1,0,0,1
frame_000043,4.3,17.09,0.0,highway,rain,13.4,0,0,1
frame_000044,4.4,16.23,0.0,highway,rain,12.2,0,0,1
frame_000045,4.5,16.39,0.0,highway,rain,10.7,0,0,1
frame_000046,4.6,16.28,0.0,highway,rain,11.6,0,0,1
frame_000047,4.7,16.89,0.0,highway,rain,10.5,0,0,1
frame_000048,4.8,16.70,0.0,highway,rain,12.7,0,0,1
frame_000049,4.9,16.34,0.0,highway,rain,11.5,0,0,1
frame_000050,5.0,16.22,0.0,highway,rain,12.4,0,0,1
frame_000051,5.1,17.16,0.0,highway,rain,11.4,0,0,1
frame_000052,5.2,16.28,0.0,highway,rain,13.1,0,0,1
frame_000053,5.3,16.77,0.0,highway,rain,10.4,0,0,1
frame_000054,5.4,16.36,0.0,highway,rain,10.9,0,0,1
frame_000055,5.5,16.97,0.0,highway,rain,10.8,0,0,1
frame_000056,5.6,16.97,0.0,highway,rain,10.8,0,0,1
frame_000057,5.7,16.59,0.0,highway,rain,10.6,0,0,1
frame_000058,5.8,16.22,0.0,highway,rain,11.9,0,0,1
frame_000059,5.9,16.32,0.0,highway,rain,10.5,0,0,1
frame_000060,6.0,16.43,0.0,highway,rain,12.8,0,0,1
frame_000061,6.1,16.61,0.0,highway,rain,12.0,0,0,1
frame_000062,6.2,16.48,0.0,highway,rain,11.1,0,0,1
frame_000063,6.3,16.61,0.0,highway,rain,13.7,0,0,1
frame_000064,6.4,16.31,0.0,highway,rain,13.9,0,0,1
frame_000065,6.5,16.62,0.0,highway,rain,11.1,0,0,1
frame_000066,6.6,16.29,0.0,highway,rain,13.5,0,0,1
frame_000067,6.7,16.47,0.0,highway,rain,13.2,0,0,1
frame_000068,6.8,16.26,0.0,highway,rain,10.6,0,0,1
frame_000069,6.9,16.51,0.0,highway,rain,12.9,0,0,1
frame_000070,7.0,16.46,0.0,highway,rain,13.4,0,0,1
frame_000071,7.1,16.29,0.0,highway,rain,10.7,0,0,0
frame_000072,7.2,16.95,0.0,highway,rain,11.1,0,0,0
frame_000073,7.3,16.30,0.0,highway,rain,10.6,0,0,0
frame_000074,7.4,16.38,0.0,highway,rain,10.6,0,0,0
frame_000075,7.5,16.59,0.0,highway,rain,13.4,0,0,0
frame_000076,7.6,16.25,0.0,highway,rain,13.9,0,0,0
frame_000077,7.7,16.65,0.0,highway,rain,11.2,0,0,0
frame_000078,7.8,16.24,0.0,highway,rain,13.8,0,0,0
frame_000079,7.9,17.03,0.0,highway,rain,11.7,0,0,0
frame_000080,8.0,16.76,0.0,highway,rain,13.6,0,0,0
frame_000081,8.1,16.43,0.0,highway,rain,12.0,0,0,0
frame_000082,8.2,17.16,0.0,highway,rain,10.6,0,0,0
frame_000083,8.3,16.98,0.0,highway,rain,13.9,0,0,0
frame_000084,8.4,17.02,0.0,highway,rain,13.4,0,0,0
frame_000085,8.5,16.61,0.0,highway,rain,11.7,0,0,0
frame_000086,8.6,16.61,0.0,highway,rain,10.5,0,0,0
frame_000087,8.7,16.91,0.0,highway,rain,10.1,0,0,0
frame_000088,8.8,16.40,0.0,highway,rain,12.4,0,0,0
frame_000089,8.9,16.26,0.0,highway,rain,13.3,0,0,0
frame_000090,9.0,17.02,0.0,highway,rain,12.7,0,0,0
frame_000091,9.1,16.39,0.0,highway,rain,11.1,0,0,0
frame_000092,9.2,16.86,0.0,highway,rain,11.3,0,0,0
frame_000093,9.3,16.41,0.0,highway,rain,12.1,0,0,0
frame_000094,9.4,16.86,0.0,highway,rain,12.9,0,0,0
frame_000095,9.5,16.69,0.0,highway,rain,13.6,0,0,0
frame_000096,9.6,16.93,0.0,highway,rain,10.9,0,0,0
frame_000097,9.7,17.14,0.0,highway,rain,13.8,0,0,0
frame_000098,9.8,16.40,0.0,highway,rain,10.7,0,0,0
frame_000099,9.9,16.73,0.0,highway,rain,11.6,0,0,0
frame_000100,10.0,16.48,0.0,highway,rain,12.7,0,0,0
frame_000101,10.1,16.69,0.0,highway,rain,12.7,0,0,0
frame_000102,10.2,16.48,0.0,highway,rain,12.1,0,0,0
frame_000103,10.3,16.32,0.0,highway,rain,13.2,0,0,0
frame_000104,10.4,16.60,0.0,highway,rain,11.2,0,0,0
frame_000105,10.5,16.35,0.0,highway,rain,10.6,0,0,0
frame_000106,10.6,17.16,0.0,highway,rain,11.7,0,0,0
frame_000107,10.7,17.19,0.0,highway,rain,11.8,0,0,0
frame_000108,10.8,16.83,0.0,highway,rain,10.1,0,0,0
frame_000109,10.9,17.17,0.0,highway,rain,12.1,0,0,0
frame_000110,11.0,16.28,0.0,highway,rain,10.3,0,0,0
frame_000111,11.1,16.26,0.0,highway,rain,13.3,0,0,0
frame_000112,11.2,16.41,0.0,highway,rain,10.8,0,0,0
frame_000113,11.3,16.70,0.0,highway,rain,13.2,0,0,0
frame_000114,11.4,16.70,0.0,highway,rain,12.8,0,0,0
frame_000115,11.5,16.25,0.0,highway,rain,11.2,0,0,0
frame_000116,11.6,16.27,0.0,highway,rain,13.2,0,0,0
frame_000117,11.7,16.94,0.0,highway,rain,10.3,0,0,0
frame_000118,11.8,17.04,0.0,highway,rain,10.8,0,0,0
frame_000119,11.9,16.79,0.0,highway,rain,13.7,0,0,0
